score	name	city	state
7.9	 Robert's Pizza & Dough Compa...	 Chicago	 IL
7.4	 Seaside Cafe at the Mansion	 Key West	 FL
7.2	 Da Pizza Dude	 Chicago	 IL
7.6	 Phil's Pizza	 Chicago	 IL
7.5	 Rosangela's Pizza	 Evergreen Park	 IL
8.1	 Lombardo's of Bay Ridge	 Brooklyn	 NY
7.1	 Battle Hill Tavern	 Brooklyn	 NY
8.1	 Giuseppina's	 Brooklyn	 NY
9.3	 Luigi's Pizza	 Brooklyn	 NY
8.2	 Baby Luc’s	 Brooklyn	 NY
6.8	 Spinelli's Pizzeria	 New York	 NY
5.8	 Trattoria Bianca	 New York	 NY
7.4	 Marble Room Steaks and Raw B...	 Cleveland	 OH
7.3	 Pizza 216	 Cleveland	 OH
7.1	 Angelo's Pizza	 Lakewood	 OH
7.5	 Buddy's Pizza - Ann Arbor	 Ann Arbor	 MI
6.9	 Uncle Oogie's	 Sea Isle City	 NJ
6.2	 Pennsylvania 6 NYC	 New York	 NY
7.6	 Phil's  Famous Pizzeria	 Sea Isle City	 NJ
7.1	 Berardi Brothers Pizza	 Sea Isle City	 NJ
6.8	 Poppi's Brick Oven Pizza	 Wildwood	 NJ
7.1	 Preps Pizzeria	 Ocean City	 NJ
7.1	 Steak’em Up	 North Wildwood	 NJ
5.3	 Sorrento II Pizzeria & Resta...	 Wildwood	 NJ
7.6	 Mama Santa's	 Cleveland	 OH
6.7	 Mack's Pizza	 Wildwood	 NJ
7.9	 Sam's Pizza Palace	 North Wildwood	 NJ
8.2	 The Brook Tap House	 West Caldwell	 NJ
7.4	 Max London's Restaurant	 Saratoga Springs	 NY
6.9	 Flatbread Social	 Saratoga Springs	 NY
8.2	 DeFazio's Pizzeria	 Troy	 NY
7.5	 Paesan's Pizza	 Latham	 NY
7.4	 Venezia Pizza & Pasta	 Clifton Park	 NY
7.5	 Napoli's Pizzeria	 Malta	 NY
6.9	 Pizza Time	 Ballston Spa	 NY
7.2	 Showfish	 Montauk	 NY
3.8	 7-Eleven	 Montauk	 NY
6.8	 Sag Pizza	 Sag Harbor	 NY
7.2	 D 'Andrea's Pizza	 Saratoga Springs	 NY
7.3	 West Avenue Pizzeria	 Saratoga Springs	 NY
7.1	 Time Market	 Tucson	 AZ
7.3	 No Anchovies	 Tucson	 AZ
7.7	 Bazzarelli Restaurant	 Moonachie	 NJ
7.4	 Kenny's Castaways	 Montauk	 NY
7.5	 Blade + Salt	 Montauk	 NY
7.8	 Ruschmeyer's	 Montauk	 NY
7.4	 Da Legna	 New Haven	 CT
6.8	 Abate Apizza & Seafood Resta...	 New Haven	 CT
7.2	 Zeneli Pizzeria & Cucina Nap...	 New Haven	 CT
7.7	 Il Buco Alimentari & Vineria	 New York	 NY
7.3	 Unregular Pizza	 New York	 NY
7.3	 Round Swamp Farm	 Montauk	 NY
6.7	 Medusa Stone Fired Kitchen	 Asbury Park	 NJ
6.6	 Johnny Mac House Of Spirits	 Asbury Park	 NJ
7.1	 Talula's	 Asbury Park	 NJ
7.6	 Sea Bright Pizza Restaurant	 Sea Bright	 NJ
7.2	 Tommy's Tavern and Tap	 Sea Bright	 NJ
7.7	 Urban CoalHouse Pizza + Bar	 Red Bank	 NJ
7.7	 Grana Pizza Cafe	 Matawan	 NJ
7.1	 Brothers Pizzeria	 East Brunswick	 NJ
7.9	 Mancini Pizza	 East Brunswick	 NJ
7.5	 Maria's Pizza & Subs	 Milltown	 NJ
7.4	 Brozinni Pizzeria at Speedwa...	 Speedway	 IN
6.7	 Pasquale's Pizza	 Indianapolis	 IN
7.1	 Byrne's Grilled Pizza	 Indianapolis	 IN
7.4	 Giorgio's Pizza	 Indianapolis	 IN
7.2	 DeSano Pizza Bakery	 Nashville	 TN
7.7	 Joey's House Of Pizza	 Nashville	 TN
7.5	 Five Points Pizza	 Nashville	 TN
8.1	 Luigi's Famous Pizza and Ris...	 Lincroft	 NJ
8.6	 Nunzio's Pizzeria	 Long Branch	 NJ
7.9	 The Galley Pizza & Eatery	 Asbury Park	 NJ
8.2	 Del Ponte's Coal Fired Pizza	 Bradley Beach	 NJ
8.3	 Vic's Italian Restaurant	 Bradley Beach	 NJ
7.6	 Squan Tavern	 Manasquan	 NJ
8.5	 Rosie's Pizza	 Point Pleasant Beach	 NJ
4.8	 Three Brothers From Italy	 Seaside Heights	 NJ
7.5	 Maruca's Pizza	 Seaside Heights	 NJ
7.3	 Nicholas Barrel & Roost	 Red Bank	 NJ
5.9	 Noble Roman's Craft Pizza & ...	 Westfield	 IN
6.1	 Mother Bear's Pizza Campus	 Bloomington	 IN
7.2	 Zoni’s Brooklyn Brick Coal O...	 RED BANK	 NJ
5.6	 Stella 34 Trattoria	 New York	 NY
7.1	 The Bread Factory Cafe	 New York	 NY
2.9	 Lazzaro	 New York	 NY
7.3	 Inatteso Pizzabar	 New York	 NY
5.9	 Benvenuti Pizzeria	 New York	 NY
7.6	 Michael's Pastaria & Deli	 Nutley	 NJ
7.9	 Amore Pizza by jack calandra	 Nutley	 NJ
7.8	 The Pizza Terminal & Restaur...	 Verona	 NJ
7.4	 Taormina Pizzeria	 Paterson	 NJ
8.2	 Patsy's Tavern & Restaurant	 Paterson	 NJ
7.5	 Tavolino Pizzeria 	 Wallington	 NJ
7.1	 Spacca Napoli	 Chicago	 IL
6.1	 Panera Bread	 New York	 NY
7.3	 Sauce & Barrel	 New York	 NY
6.4	 Siena Pizza & Cannoli	 New York	 NY
7.2	 Collins Pizza	 Miami Beach	 FL
7.3	 Pizza Pazza	 Miami	 FL
8.2	 Eleventh Street Pizza	 Miami	 FL
7.1	 Lowbrow Pizza & Beer	 Naples	 FL
7.7	 Industry Pizza & Slice Shop	 Naples	 FL
7.8	 Grandpa's Pizza	 Bonita Springs	 FL
7.4	 Frankie's Pizza	 Miami	 FL
6.9	 The Big Cheese Of Miami	 Miami	 FL
7.2	 Cafe La Buca	 Pompano Beach	 FL
6.7	 Zuccarelli	 Pompano Beach	 FL
7.3	 Little Italian Pizza	 Pompano Beach	 FL
6.8	 Banchero	 Miami Beach	 FL
6.7	 I Love Pizza	 Miami Beach	 FL
7.5	 Prince Street Pizza	 West Hollywood	 CA
8.1	 Prime Pizza	 Los Angeles	 CA
6.8	 L'Antica Pizzeria Da Michele	 Los Angeles	 CA
6.7	 Delicious Pizza	 Los Angeles	 CA
7.1	 Big Louie's	 Pompano Beach	 FL
6.8	 East Side Pizza	 Miami	 FL
7.4	 Bonci	 Chicago	 IL
6.8	 Aurelio's Pizza	 Homewood	 IL
7.1	 Pizzanista!	 Los Angeles	 CA
7.8	 Zazzy's Pizza	 New York	 NY
7.8	 Pat's Pizza	 Chicago	 IL
7.6	 Arthur Avenue Wood Fired Piz...	 Pleasantville	 NY
7.3	 Venice Pizza & Trattoria	 White Plains	 NY
7.4	 Villaggio Italiano Restauran...	 Hartsdale	 NY
7.5	 Avellino Pizza & Pasta	 Hartsdale	 NY
7.4	 Raceway Pizzeria & Hero's	 Yonkers	 NY
8.1	 Vito & Nick's Pizzeria	 Chicago	 IL
7.6	 Bar Cargo	 Chicago	 IL
7.4	 Coalfire Pizza	 Chicago	 IL
7.8	 Barnaby's of Northbrook	 Northbrook	 IL
7.1	 Salerno's Pizza of Chicago	 Chicago	 IL
7.1	 Chicago Pizza And Oven Grind...	 Chicago	 IL
7.6	 The Art of Pizza	 Chicago	 IL
7.7	 Craft Pizza	 Chicago	 IL
7.1	 Piece Brewery and Pizzeria	 Chicago	 IL
7.1	 Harry's Pizzeria - Design Di...	 Miami	 FL
6.8	 Pizza Rustica Office	 Miami Beach	 FL
7.9	 Pizzette	 Miami Beach	 FL
7.5	 Amarone	 Aventura	 FL
7.2	 Outta Hand Pizza	 Westfield	 NJ
7.2	 Capri Pizza	 Kenilworth	 NJ
7.4	 Three Guys From Italy	 Kenilworth	 NJ
7.9	 Brooklyn Pizza	 Millburn	 NJ
7.4	 Arturo's	 Maplewood	 NJ
7.6	 Reservoir Restaurant	 South Orange	 NJ
6.8	 Frank's Pizzeria	 Newark	 NJ
6.6	 Miami's Best Pizza	 Coral Gables	 FL
7.3	 Terre Del Sapore	 Coral Gables	 FL
6.7	 Leo's Pizza	 Miami	 FL
7.4	 Apizza Brooklyn	 Miami	 FL
6.7	 Pucci's Pizza	 Miami	 FL
6.7	 New York Pizza & Restaurant	 Miami	 FL
6.8	 Ottava Via	 Detroit	 MI
7.2	 Pie Sci	 Detroit	 MI
7.3	 Crispelli's Bakery & Pizzeri...	 Berkley	 MI
8.7	 Fredi The PizzaMan	 Melvindale	 MI
6.9	 Alibi	 Troy	 MI
8.1	 Detroit Style Pizza Company	 Saint Clair Shores	 MI
6.2	 Green Lantern Pizza	 Madison Heights	 MI
7.7	 Joe's Pizza	 Ann Arbor	 MI
7.3	 NeoPapalis	 Ann Arbor	 MI
7.5	 Cloverleaf Bar & Restaurant	 Eastpointe	 MI
6.9	 Bell's Greek Pizza	 East Lansing	 MI
6.8	 Georgio's Pizza	 East Lansing	 MI
7.5	 Detroit Frankie's Wood Fired...	 Lansing	 MI
7.3	 Deluca's Restaurant	 Lansing	 MI
7.8	 Tomatoes Apizza	 Farmington Hills	 MI
7.1	 Mootz Pizzeria + Bar	 Detroit	 MI
7.3	 Niki's Pizza	 Detroit	 MI
7.5	 Supino Pizzeria	 Detroit	 MI
6.8	 Piazza Di Pizza	 Moonachie	 NJ
7.1	 Café Villa	 Chatham	 NJ
8.9	 Calabria Restaurant & Pizzer...	 Livingston	 NJ
6.9	 Buon Pane Italiano Bakery	 Miami Beach	 FL
6.8	 Fratelli La Bufala	 Miami Beach	 FL
4.2	 Pizza De Miami	 Miami Beach	 FL
7.8	 Giotto	 Miami Beach	 FL
6.8	 Nino's Restaurant & Pizzeria	 Lodi	 NJ
7.8	 Lodi Pizza Restaurant	 Lodi	 NJ
7.3	 Santoni's Ristorante & Pizze...	 Garfield	 NJ
7.4	 Barcelona's Restaurant & Bar	 Garfield	 NJ
7.4	 Ferazzoli's Italian Kitchen	 Rutherford	 NJ
7.5	 Sac's Place	 Astoria	 NY
7.8	 Marabella Pizzeria Restauran...	 Sunnyside	 NY
7.9	 Roma Pizzeria	 North Bergen	 NJ
7.6	 Josie's Pizzeria Catering & ...	 Lyndhurst	 NJ
6.8	 Ninos Aq	 Astoria	 NY
8.4	 Trattoria L'incontro	 Astoria	 NY
6.9	 Aumm Aumm Pizzeria & Wine Ba...	 North Bergen	 NJ
8.5	 Perfect Pizza	 North Bergen	 NJ
6.8	 Tony Novante's Pizzeria & Wi...	 Union City	 NJ
6.7	 Trattoria Napoli	 Union City	 NJ
7.4	 Death by Pizza	 New York	 NY
6.8	 Pasta by Hudson	 New York	 NY
8.1	 Renato's Pizza Masters	 Jersey City	 NJ
7.4	 Palermo's Cafe & Bakery	 Little Ferry	 NJ
8.1	 Lido Restaurant	 Hackensack	 NJ
7.9	 Brooklyn's Brick Oven Pizzer...	 Hackensack	 NJ
7.7	 Curioni's	 Lodi	 NJ
8.1	 Urban Tomato	 Palisades Park	 NJ
7.8	 Napoli Wood Fired Pizza & Ba...	 Cliffside Park	 NJ
7.5	 Trattoria La Sorrentina	 North Bergen	 NJ
8.1	 Cesare's Ristorante	 Bristol	 PA
7.3	 Tony & Joe's Pizzeria	 Conshohocken	 PA
6.9	 Campus Corner Pizza	 Villanova	 PA
7.4	 Randazzo's Pizzeria	 Philadelphia	 PA
6.8	 Philly Style Pizza and Grill...	 Philadelphia	 PA
6.6	 Amici Vicinato	 Lafayette Hill	 PA
7.3	 Café Carmela	 Philadelphia	 PA
7.6	 Charlie's Pizzeria	 Philadelphia	 PA
7.4	 Franzone's Pizzeria & Restau...	 Philadelphia	 PA
7.1	 Maxi's Pizza, Subs and Bar	 Philadelphia	 PA
8.1	 Pizzata Pizzeria	 Philadelphia	 PA
7.7	 Goodfellas Pizzeria	 Lexington	 KY
7.3	 Tony's Famous Tomato Pie	 Philadelphia	 PA
7.4	 Montesini Pizza	 Philadelphia	 PA
7.8	 Gaetano's Pizzeria	 Clifton Heights	 PA
6.9	 Imperial Pizza	 Secane	 PA
7.3	 Sam’s Boardwalk Style Pizza ...	 Havertown	 PA
7.8	 Pica's Restaurant of Upper D...	 Upper Darby	 PA
4.2	 Anthony's Pizza VI	 Charles Town	 WV
5.8	 Brothers Pizzeria And Italia...	 Charles Town	 WV
8.2	 Circles + Squares	 Philadelphia	 PA
6.7	 In Riva	 Philadelphia	 PA
6.6	 Allegro Pizza	 Philadelphia	 PA
8.1	 Pizza Jawn	 Philadelphia	 PA
7.6	 Joe's Pizza	 West Hollywood	 CA
8.9	 Conte's Pizza and Bar	 Princeton	 NJ
6.1	 Explorer's Den Steaks and Ho...	 Philadelphia	 PA
6.1	 LaScala's Pronto	 Philadelphia	 PA
8.1	 Wood Street Pizza	 Philadelphia	 PA
7.4	 Pietro's Coal Oven Pizzeria	 Philadelphia	 PA
6.8	 Zio's Brick Oven Pizzeria	 Philadelphia	 PA
7.8	 Botanica Bar	 New York	 NY
6.8	 Enjay's Pizza	 Philadelphia	 PA
7.4	 Giovani's Bar & Grill	 Philadelphia	 PA
6.2	 Axis Pizza	 Philadelphia	 PA
7.1	 Mineo's Pizza House	 Pittsburgh	 PA
6.1	 Aiello's Pizza	 Pittsburgh	 PA
6.4	 Benny Fierro's	 Pittsburgh	 PA
6.7	 Gennaro's Pizza	 Pittsburgh	 PA
7.1	 Pizzeria Stella	 Philadelphia	 PA
7.9	 Angelino's Restaurant	 Philadelphia	 PA
7.8	 Fiori's Pizzaria	 Pittsburgh	 PA
7.2	 Beto's Pizza	 Pittsburgh	 PA
7.5	 Juliano's Restaurant & Pizze...	 Robinson Twp.	 PA
5.4	 Soho 99 Cents	 New York	 NY
7.1	 Bar Dough	 New York	 NY
7.4	 Moustache	 New York	 NY
7.6	 Primavera Pizza	 Montauk	 NY
7.6	 Pizza Collective	 New York	 NY
7.5	 Pop's Pizzas	 New York	 NY
7.6	 La Capannina	 Wainscott	 NY
7.8	 Sam's Restaurant	 East Hampton	 NY
7.1	 Villa Milano 	 Manhasset	 NY
7.6	 Salvatore's Coal Oven Pizzer...	 Port Washington	 NY
7.5	 Pennachio's	 Manorville	 NY
7.1	 P&G Pizza and Deli	 Southampton	 NY
6.7	 Cittanuova	 East Hampton	 NY
7.4	 Fierro's Pizza	 East Hampton	 NY
5.8	 Springs Pizza	 East Hampton	 NY
6.7	 Pepperoni's	 East Hampton	 NY
6.8	 Astro's Pizza	 Amagansett	 NY
8.4	 Best Pizza & Dive Bar	 Amagansett	 NY
7.3	 Pizza Village	 Montauk	 NY
6.1	 Sausages Pizza & Pastabiliti...	 Montauk	 NY
7.9	 Moby's	 East Hampton	 NY
7.4	 Colombo's Cafe & Pastries	 Hyannis	 MA
5.9	 Craigville Pizza & Mexican	 Centerville	 MA
5.8	 Jack's Pizza Hyannis	 Hyannis	 MA
7.1	 Main Street Pizza Company	 Farmingdale	 NY
6.1	 B & B Pizza	 Hyannis	 MA
7.2	 New England Pizza House No 1	 Hyannis	 MA
6.3	 Torino Restaurant and Bar	 Hyannis	 MA
6.8	 Pizza Barbone	 Hyannis	 MA
6.3	 Palio Pizzeria	 Hyannis	 MA
6.8	 British Beer Company	 Hyannis	 MA
6.7	 Crust	 Cleveland	 OH
5.1	 Edison's Pizza Kitchen	 Cleveland	 OH
7.6	 Vincenza's Pizza & Pasta	 Cleveland	 OH
7.7	 Il Rione	 Cleveland	 OH
8.7	 Columbia Inn	 Montville	 NJ
7.5	 Vince the Pizza Prince	 Scranton	 PA
6.8	 Foggy Nantucket	 Nantucket	 MA
7.4	 Alfredo's Pizza Cafe	 Scranton	 PA
7.5	 Maroni's Pizza House	 Scranton	 PA
7.9	 Sabatini's Pizza Inc	 Exeter	 PA
8.1	 Gerry's Pizzeria	 Wilkes Barre	 PA
7.3	 Shelley's Pizza	 Wilkes Barre	 PA
8.1	 Angelo's Pizza	 Wilkes Barre	 PA
6.9	 M & S Pizza II	 Rockaway Township	 NJ
6.8	 Vinnie's Pizzeria & Ristoran...	 Boonton	 NJ
6.5	 Pasquale's Restaurant and Pi...	 Boonton	 NJ
7.6	 Reservoir Tavern	 Boonton	 NJ
6.7	 Millie's Old World Meatballs...	 Morristown	 NJ
7.5	 Renzo's Cafe Pizzeria	 Boca Raton	 FL
7.7	 Nonna's	 Florham Park	 NJ
6.8	 Brooklyn Boys Pizza & Pasta	 Boca Raton	 FL
7.6	 Pizza District	 Boca Raton	 FL
7.3	 Tomasso's Pizza and Subs	 Boca Raton	 FL
7.9	 Sicilian Oven	 Boca Raton	 FL
7.7	 Nick's New Haven Style Pizze...	 Boca Raton	 FL
6.6	 Sazio	 Delray Beach	 FL
8.1	 Heritage	 Fort Lauderdale	 FL
7.2	 Conte's Pizza	 Delray Beach	 FL
7.1	 Nick's Pizza	 Deerfield Beach	 FL
7.4	 Pizza Time Ristorante	 Boca Raton	 FL
8.1	 Pizza Craft Artisan Pizzeria	 Fort Lauderdale	 FL
8.1	 Tucci's Fire N Coal Pizza	 Boca Raton	 FL
6.7	 Franco & Vinny's	 Fort Lauderdale	 FL
5.3	 Primanti Bros	 Fort Lauderdale	 FL
7.8	 Luigi's Coal Oven Pizza	 Fort Lauderdale	 FL
6.8	 Pizza Time Restaurant	 Avenel	 NJ
8.8	 Nancy's Towne House	 Rahway	 NJ
6.8	 Frankie Feds	 Freehold	 NJ
7.4	 Romeo's	 Freehold	 NJ
7.2	 Dusal's Italian Restaurant	 Freehold	 NJ
8.8	 Federici's Family Restaurant	 Freehold	 NJ
6.3	 Margari Pizza	 New York	 NY
8.6	 Joe & Pat's Pizzeria	 Staten Island	 NY
7.8	 Round Pie Pizza Company	 Staten Island	 NY
8.1	 Pizzeria Giove	 Staten Island	 NY
7.6	 Frank & Danny's Pizzeria	 New York	 NY
6.7	 Villa Monte Restaurant	 Staten Island	 NY
5.9	 T's Wine Bar And Kitchen	 Stamford	 CT
6.9	 Belltown Pizza	 Stamford	 CT
6.5	 Hope Pizza Restaurant	 Stamford	 CT
7.4	 Remo's	 Stamford	 CT
7.9	 Fresco By Scotto	 New York	 NY
6.8	 Pizza Brain	 Philadelphia	 PA
7.2	 Sir Pizza	 Key Biscayne	 FL
6.7	 Strong's Brick Oven Pizzeria	 Lawrenceburg	 IN
7.6	 PizzaPapalis of Greektown	 Detroit	 MI
7.3	 Giuseppe's Steel City Pizza	 Port Orange	 FL
7.6	 Pete's Pizza	 Daytona Beach	 FL
8.9	 Brooklyn Square Pizza	 Jackson	 NJ
8.1	 Pete & Elda's Bar / Carmen's...	 Neptune City	 NJ
7.9	 Amano Pizza	 South Amboy	 NJ
7.5	 Napoli Pizza & Pasta	 Astoria	 NY
7.9	 Grand Avenue Pizza	 Astoria	 NY
6.8	 Rose & Joe's Italian Bakery	 Astoria	 NY
7.7	 Rosario's	 Astoria	 NY
6.3	 Spris	 Miami Beach	 FL
7.1	 Grafa Pizza	 Miami Beach	 FL
7.3	 Pizza Tropical	 Miami	 FL
4.3	 Mom's New York Pizza	 Miami Beach	 FL
7.2	 La Leggenda Pizzeria	 Miami Beach	 FL
6.1	 Piola - Miami Beach	 Miami Beach	 FL
8.0	 Blocks Pizza Deli	 Miami Beach	 FL
7.4	 Hi-Class Pizza	 Bellerose	 NY
7.8	 Vaccaro's Pizza	 Floral Park	 NY
6.7	 Village Pizzeria	 Floral Park	 NY
7.8	 Eddie's Pizza	 New Hyde Park	 NY
6.5	 Square Pizza	 New York	 NY
6.7	 Giovanni's Pizzeria & Restau...	 Hoboken	 NJ
8.6	 Tenth Street Pasta & Pizza	 Hoboken	 NJ
7.3	 The Brick Fire Baked Pizza	 Hoboken	 NJ
7.3	 Campania Coal Fired Pizza	 Brooklyn	 NY
7.6	 Norm's Pizza	 Brooklyn	 NY
7.2	 Grandma's Original Pizza	 Brooklyn	 NY
7.8	 Krispy Pizza 	 Brooklyn	 NY
7.6	 Gino's Restaurant	 Brooklyn	 NY
7.4	 Elegante Pizzeria	 Brooklyn	 NY
1.9	 Hell’s Kitchen Pizza	 New York	 NY
6.3	 Casola's Pizzeria & Sub Shop	 Miami	 FL
6.9	 Anthony's	 Watertown	 CT
6.1	 Lenny's Pizza	 Miami Beach	 FL
6.7	 Fino Wood Fired Pizza & Bar	 Watertown	 CT
6.8	 Vinny's Restaurant & Pizzeri...	 Naugatuck	 CT
6.6	 Mike's Pizza Palace	 Naugatuck	 CT
7.2	 John's Pizza Restaurant	 Naugatuck	 CT
7.5	 Vincenzo's Pizzeria	 Waterbury	 CT
8.1	 Domenick & Pia Pizzeria	 Waterbury	 CT
7.4	 Jet's Pizza	 New York	 NY
4.8	 Salt & Pepper	 New York	 NY
6.1	 Little Italy Pizza	 New York	 NY
2.2	 Square Pizza & Chicken	 New York	 NY
7.6	 John's Pizzeria	 Jersey City	 NJ
7.1	 Porta	 Jersey City	 NJ
8.1	 Razza Pizza Artigianale	 Jersey City	 NJ
7.1	 DC Pie Co	 Miami	 FL
6.8	 Andiamo	 Miami	 FL
6.1	 Pizza Bar - Collins Avenue	 Miami Beach	 FL
6.6	 Pizza Tree	 Columbia	 MO
6.7	 Shakespeare's Pizza - Downto...	 Columbia	 MO
5.4	 Flavors of Italy Bistro	 New York	 NY
7.2	 Tommy's Pizza	 Providence	 RI
7.4	 Providence Coal Fired Pizza	 Providence	 RI
7.9	 Tony D's Pizza	 Caldwell	 NJ
7.2	 Al Forno Restaurant	 Providence	 RI
8.8	 Angeloni's Restaurant & Pizz...	 Caldwell	 NJ
7.1	 Fellini Pizzeria	 Providence	 RI
6.7	 Federal Hill Pizza Providenc...	 Providence	 RI
5.9	 Antonio's Pizza	 Providence	 RI
7.4	 Caserta Pizzeria	 Providence	 RI
7.4	 DOUGH By Licastri	 Staten Island	 NY
7.9	 Nunzio's Pizzeria & Restaura...	 Staten Island	 NY
1.2	 Lincoln Financial Field	 Philadelphia	 PA
9.2	 De Lorenzo's Tomato Pies	 Robbinsville	 NJ
8.6	 Papa's Tomato Pies	 Robbinsville	 NJ
7.4	 Vino's Pizza	 Lafayette Hill	 PA
9.1	 Angelo's Pizzeria	 Philadelphia	 PA
0.0	 7-Eleven	 New York	 NY
7.1	 Feroce Ristorante	 New York	 NY
5.2	 Mangia - Flatiron	 New York	 NY
6.2	 Fortina - Brooklyn	 Brooklyn	 NY
6.6	 Union St Pizza	 Brooklyn	 NY
6.3	 Old Fashioned Pizza	 New York	 NY
8.1	 L'Arte Della Pizza Brooklyn	 Brooklyn	 NY
8.1	 Lo Duca Pizza	 Brooklyn	 NY
8.2	 Pizza Time	 Brooklyn	 NY
6.5	 Rivington Pizza	 New York	 NY
1.2	 Milk Bar East Village	 New York	 NY
6.7	 Faccia Luna Pizzeria	 State College	 PA
2.8	 Canyon Pizza	 State College	 PA
5.9	 Justin's Pizza	 Bronx	 NY
7.2	 Eleven B	 New York	 NY
6.7	 Via Trenta Pizzoteca	 New York	 NY
6.7	 Davenport's Pizza Palace	 Mountain Brook	 AL
7.1	 Post Office Pies	 Birmingham	 AL
7.9	 Via Roma Pizza Bar	 Brooklyn	 NY
8.7	 F & F Pizzeria	 Brooklyn	 NY
6.7	 Peppebroni's Pizza - Morgant...	 Morgantown	 WV
7.3	 La Nova Pizzeria	 Buffalo	 NY
7.0	 Picasso's Pizza	 Buffalo	 NY
7.5	 Bocce Club Pizza	 Amherst	 NY
6.1	 Ian's Pizza by the Slice	 Madison	 WI
7.4	 Salvatore's Tomato Pies	 Madison	 WI
4.8	 Trenta Tre Pizzeria	 New York	 NY
7.6	 Red Pinto Tailgate Party	 Orchard Park	 NY
6.2	 Pizza Di Roma	 Madison	 WI
7.4	 Nolita Pizza	 New York	 NY
5.7	 Paisan's	 Madison	 WI
8.3	 Sauce	 New York	 NY
6.8	 Pizza Brutta	 Madison	 WI
7.4	 Lucille	 Madison	 WI
7.4	 Vito's Slices and Ices	 New York	 NY
3.8	 Pizza Hut	 North Bergen	 NJ
5.3	 Las Vegas Motor Speedway	 Las Vegas	 NV
7.4	 Marinara Pizza	 New York	 NY
6.8	 Hard Knox Pizzeria	 Knoxville	 TN
6.9	 Prova Pizzabar	 New York	 NY
7.2	 Manero's Pizza	 New York	 NY
7.1	 Todaro Pizza	 Clemson	 SC
7.5	 Scratch Brick Oven	 Johnson City	 TN
6.2	 Casa Barilla	 New York	 NY
7.3	 Emilio's of Morris Park	 Bronx	 NY
8.6	 Tommy's Pizza	 Bronx	 NY
7.1	 IL Brigante	 New York	 NY
6.5	 Brenz Pizza Co.	 Knoxville	 TN
6.8	 Claudio Pizzeria	 New York	 NY
8.7	 Sorrento's	 Long Beach	 NY
7.3	 Mary Lou's Pizza	 Old Forge	 PA
7.9	 Gino's Long Beach	 Long Beach	 NY
6.6	 Ribalta Mo'	 New York	 NY
7.1	 Salerno's Cafe	 Old Forge	 PA
7.6	 Cafe Rinaldi	 Old Forge	 PA
7.6	 Cusumano	 Old Forge	 PA
6.5	 Boomershine Pizzeria	 Bluff City	 TN
7.5	 Arcaro & Genell	 Old Forge	 PA
7.4	 Revello's Pizza	 Old Forge	 PA
6.8	 Mezze	 Forest Hills	 NY
8.4	 Nick's Pizza - Forest Hills	 Forest Hills	 NY
7.5	 Red Front Pizza	 Clifton Park	 NY
3.2	 Sbarro	 New York	 NY
5.9	 La Manda's Restaurant	 White Plains	 NY
5.9	 NYC Pizza	 New York	 NY
7.1	 Villa Pizza	 New York	 NY
4.9	 Time Square Dollar Pizza	 New York	 NY
7.8	 Nonna's Pizza	 White Plains	 NY
6.8	 Pizza 7	 Saratoga Springs	 NY
7.4	 Lombardo's	 White Plains	 NY
7.7	 Michael's Famous Pan Pizza &...	 Port Chester	 NY
6.9	 Glenville Pizza	 Greenwich	 CT
3.8	 Poppy Pizza	 Mashpee	 MA
3.8	 Shangri-La Kitchen	 Nantucket	 MA
7.4	 Pizzeria Beddia	 Philadelphia	 PA
6.7	 Dragon By The Sea	 Nantucket	 MA
7.9	 Vince's Pizzeria	 Philadelphia	 PA
7.9	 Pizza Shackamaxon	 Philadelphia	 PA
8.1	 Tacconelli's Pizzeria	 Philadelphia	 PA
7.4	 Sam's	 Brooklyn	 NY
7.3	 House of Pizza & Calzones	 Brooklyn	 NY
0.1	 Cumberland Farms	 Nantucket	 MA
7.7	 Table 87 - Brooklyn Heights	 Brooklyn	 NY
6.8	 Krave It Pizza & Sandwich Jo...	 Bayside	 NY
7.2	 VIPizza	 Bayside	 NY
7.4	 Pizza Garden	 Flushing	 NY
4.2	 Pizza Chef	 Whitestone	 NY
7.3	 Freddy's Pizzeria	 Whitestone	 NY
6.8	 Cascarino's Brick Oven Pizze...	 Whitestone	 NY
5.4	 Sunnyside Pizza	 Sunnyside	 NY
8.1	 Amore Pizzeria	 Flushing	 NY
7.2	 Lucia Pizza	 Flushing	 NY
4.9	 Mama Mia 44 SW	 New York	 NY
7.1	 City Pizza	 New York	 NY
7.8	 Peperino	 New York	 NY
7.4	 Rosa's Pizza	 Maspeth	 NY
4.1	 Ascot Racecourse	 Bracknell Forest	 WNM
2.1	 Ciro's Pizza Pomodoro	 London	 XGL
8.2	 Grand Apizza Shoreline	 Clinton	 CT
7.4	 Resca	 New York	 NY
7.3	 Nino’s Pizza & Subs	 Boston	 MA
7.7	 Haymarket Pizza	 Boston	 MA
6.9	 Sotto 13	 New York	 NY
5.9	 Faraci Pizza	 Ballwin	 MO
6.6	 Dewey's Pizza	 University City	 MO
7.8	 Pat's Pizza	 Dorchester Center	 MA
7.2	 La Pizza	 University City	 MO
5.8	 Pi Pizzeria - Delmar Loop	 Saint Louis	 MO
6.2	 Imo's Pizza	 Saint Louis	 MO
6.1	 Whole Foods Market	 New York	 NY
6.2	 Rosella's Pizzeria	 New York	 NY
7.4	 Union Park Pizza	 Boston	 MA
8.8	 Pino's Pizza	 Brighton	 MA
7.4	 Figs by Todd English	 Boston	 MA
7.8	 Artichoke Basille's Pizza	 New York	 NY
5.9	 Healthy Choice Gourmet Deli ...	 New York	 NY
6.4	 Rocky's Pizza Bar and Restau...	 New York	 NY
7.3	 Manco & Manco Pizza	 Ocean City	 NJ
4.9	 Tony's Baltimore Grill	 Atlantic City	 NJ
7.7	 Mike's Apizza & Restaurant	 West Haven	 CT
8.6	 Roseland Apizza	 Derby	 CT
7.9	 Ernie's Pizzeria	 New Haven	 CT
7.1	 Minervini's Pizzeria & Resta...	 East Haven	 CT
8.5	 John & Maria's Pizzeria	 East Haven	 CT
7.7	 Sal's Pizzeria	 Mamaroneck	 NY
7.9	 Pizzeria La Rosa	 New Rochelle	 NY
6.9	 Famous Calabria	 New York	 NY
7.4	 Bonnie & Clyde's Pizza Parlo...	 Louisville	 KY
6.8	 Spinelli's Pizzeria	 Louisville	 KY
7.2	 Butchertown Pizza Hall	 Louisville	 KY
7.3	 Strawberry's Pub & Pizza	 Woodbridge	 NJ
7.1	 Brooklyn Boys Pizza and Deli	 Edison	 NJ
6.6	 Sciortinos's Pizza Pasta & M...	 Perth Amboy	 NJ
3.8	 Talladega Superspeedway	 Talladega	 AL
3.9	 Mata's Greek Pizza & Grinder...	 Anniston	 AL
5.9	 First Class Pizza To Go	 Lincoln	 AL
7.6	 Porrino's Pizzeria	 Little Ferry	 NJ
7.4	 Pizza Wagon	 Brooklyn	 NY
7.3	 Gigino Trattoria	 New York	 NY
8.2	 The Longshoreman	 New York	 NY
2.8	 Cheska's	 New York	 NY
4.6	 Little Caesars Pizza	 Princeton	 WV
6.7	 Beebe's	 Long Island City	 NY
8.1	 sLICe LIC	 Long Island City	 NY
3.2	 Stromboli Pizza	 New York	 NY
6.9	 Biga Bite	 New York	 NY
6.2	 Hello Pizza	 Edina	 MN
6.8	 Artistic Pizza	 New York	 NY
6.6	 Broders Cucina Italiana	 Minneapolis	 MN
7.5	 Red Wagon Pizza Co	 Minneapolis	 MN
8.3	 Surly Brewing	 Minneapolis	 MN
6.9	 Pizzeria Lola	 Minneapolis	 MN
8.2	 Zuppardi's Apizza	 West Haven	 CT
4.8	 W4 Pizza	 New York	 NY
6.1	 Big Al's Chicago Style Pizza	 New York	 NY
7.6	 Village Square Pizza	 New York	 NY
7.4	 Side Piece Pizza	 Las Vegas	 NV
7.7	 Cugino's Italian Deli & Pizz...	 Las Vegas	 NV
5.4	 Upper Crust Pizzeria	 Beverly Hills	 CA
5.9	 Stella Barra Pizzeria & Wine...	 Santa Monica	 CA
7.5	 Mulberry Street Pizzeria	 Beverly Hills	 CA
4.2	 Meadowlands Racing and Enter...	 East Rutherford	 NJ
8.0	 Fort Lee Pizzeria	 Fort Lee	 NJ
6.8	 Saverio's Authentic Pizza Na...	 Massapequa	 NY
6.6	 Mario's Pizzeria Massapequa	 Massapequa	 NY
8.4	 Pizza Sam	 Jackson Heights	 NY
6.7	 Rosa's Pizza	 Middle Village	 NY
7.4	 La Nonna Krispy Krust Pizza	 Brooklyn	 NY
7.3	 Paulie Gee's	 Brooklyn	 NY
7.4	 Paulie Gee's Slice Shop	 Brooklyn	 NY
7.9	 Tony's Pizza	 Brooklyn	 NY
7.8	 Carmine's Pizzeria	 Brooklyn	 NY
8.1	 Totonno's	 Brooklyn	 NY
6.2	 Krispy Pizza	 Jersey City	 NJ
7.2	 Good Pie	 Las Vegas	 NV
8.1	 King Umberto's of Elmont	 Elmont	 NY
7.7	 Vezzo	 New York	 NY
6.8	 Starbucks Reserve Roastery N...	 New York	 NY
8.1	 Deninos Pizzeria & Tavern	 Staten Island	 NY
7.9	 Brother's Pizzeria	 Staten Island	 NY
7.5	 Pizza Town USA	 Elmwood Park	 NJ
1.7	 Canal Pizza	 New York	 NY
2.2	 Pizza Al Fresco	 Palm Beach	 FL
7.7	 Harry's Italian	 New York	 NY
6.0	 Chuck E. Cheese	 West Melbourne	 FL
6.6	 Napoli Pizza	 Daytona Beach	 FL
6.9	 Pizza Girls WPB	 West Palm Beach	 FL
7.1	 Eddie & Sam's NY Pizza	 Tampa	 FL
6.7	 La Vera Pizzeria	 New York	 NY
7.8	 Salvo's Pizzabar	 New York	 NY
9.1	 Johnny's Pizzeria	 Mount Vernon	 NY
6.8	 Slice Downtown	 Atlanta	 GA
7.2	 Buckhead Pizza	 Atlanta	 GA
7.1	 Cosmo's Original Little Ital...	 Lawrenceville	 GA
5.9	 Piu Bello Buckhead	 Atlanta	 GA
7.4	 Marcello's Pizza & Subs	 Atlanta	 GA
6.1	 Mellow Mushroom	 Alpharetta	 GA
7.2	 Fellini's Pizza	 Atlanta	 GA
8.3	 Antico Pizza	 Atlanta	 GA
7.6	 Enzo Bruni La Pizza Gourmet	 New York	 NY
7.4	 Dani's House of Pizza	 Kew Gardens	 NY
7.4	 Woodpecker Pizza Bar & Grill...	 New York	 NY
1.9	 Costco	 Clifton	 NJ
8.3	 Santillo's Brick Oven Pizza	 Elizabeth	 NJ
4.8	 Friendly Gourmet Pizza	 New York	 NY
7.4	 Upside Pizza	 New York	 NY
7.5	 Santucci's Original Square P...	 Philadelphia	 PA
6.5	 Lorenzo & Sons Pizza	 Philadelphia	 PA
7.4	 Il Piccolo Bufalo	 New York	 NY
7.9	 Made In New York Pizza	 New York	 NY
6.6	 Mama Rosa Pizza and Pasta	 Rutherford	 NJ
6.4	 Bill's Pizzeria Kitchen + Gr...	 Hopkinton	 MA
5.8	 Luna Ristorante	 New York	 NY
6.2	 Da Gennaro	 New York	 NY
6.9	 Steve's Pizza	 Miami	 FL
8.1	 Lucali	 Miami Beach	 FL
8.9	 Mister O1- South Beach	 Miami Beach	 FL
8.2	 Riko's Pizza	 Stamford	 CT
8.4	 Colony Grill	 Stamford	 CT
7.1	 California Pizza Kitchen at ...	 New York	 NY
7.6	 Johnny Pepperoni	 Hoboken	 NJ
7.6	 Macchina	 New York	 NY
7.4	 Brooklyn's Homeslice Pizzeri...	 Brooklyn	 NY
7.5	 Da Nonna Rosa	 Brooklyn	 NY
7.1	 Marta	 New York	 NY
7.2	 Mario's Classic Pizza	 Hoboken	 NJ
4.8	 La Rossa	 New York	 NY
7.4	 BAR	 New Haven	 CT
9.2	 Sally's Apizza	 New Haven	 CT
8.5	 Frank Pepe Pizzeria Napoleta...	 New Haven	 CT
8.8	 Modern Apizza	 New Haven	 CT
6.8	 Tony Boloney's - Hoboken	 Hoboken	 NJ
7.3	 Serafina Broadway	 New York	 NY
6.2	 Loring Place	 New York	 NY
7.4	 GoreMade Pizza	 Columbus	 OH
7.4	 Margherita NYC	 New York	 NY
6.7	 Eataly Boston	 Boston	 MA
6.8	 Palermo's 95th	 Oak Lawn	 IL
7.1	 Armand's Pizzeria	 Elmwood Park	 IL
7.1	 Geo's Pizza	 Chicago	 IL
8.1	 Basile's Pizza	 Hoboken	 NJ
6.8	 Bruno Pizza	 New York	 NY
7.2	 Dona Bella Pizza	 New York	 NY
7.4	 Stage Door Pizzeria	 New York	 NY
8.1	 Nicoletta Pizzeria	 New York	 NY
3.1	 Z Deli Pizzeria	 New York	 NY
5.8	 Da Nico Ristorante	 New York	 NY
7.3	 Pasquale Jones	 New York	 NY
0.2	 Churchill Downs	 Louisville	 KY
6.9	 10th Avenue Pizza & Cafe	 New York	 NY
1.9	 Jekyll & Hyde	 New York	 NY
8.3	 Joe's Pizza	 New York	 NY
7.6	 Motorino	 New York	 NY
5.1	 Biggie's Pizza - Jacksonvill...	 Jacksonville Beach	 FL
0.1	 Amtrak	 New York	 NY
5.2	 Felcaro Pizzeria	 Boston	 MA
8.2	 Florina Pizzeria & Paninotec...	 Boston	 MA
8.1	 Lombardi's Pizza	 New York	 NY
9.3	 Lucali	 Brooklyn	 NY
8.1	 Famous Ben's Pizza	 New York	 NY
6.7	 Sal's Pizzeria	 Brooklyn	 NY
7.2	 Neapolitan Express	 New York	 NY
6.8	 Pizza House	 Ann Arbor	 MI
1.2	 Backroom Pizza	 Ann Arbor	 MI
7.2	 Vesta Wood Fired	 East Rutherford	 NJ
4.8	 Frankie Boy's Pizza	 New York	 NY
6.5	 Pazzo's Pizza Pub	 Lexington	 KY
6.1	 PieTana	 Lexington	 KY
7.8	 Pies & Pints - Lexington	 Lexington	 KY
4.2	 Bravo Pizza	 New York	 NY
5.8	 800 Degrees Woodfired Kitche...	 New York	 NY
6.8	 1000 Degrees Neapolitan Pizz...	 Boston	 MA
7.3	 Pie Pie Pizza	 New York	 NY
4.1	 Big Slice of New York Pizza	 New York	 NY
9.1	 Sauce Pizzeria	 New York	 NY
4.1	 A Slice of New York	 New York	 NY
6.3	 Little Italy Pizza	 New York	 NY
6.9	 Mama's Pizzeria	 New York	 NY
6.7	 Buchetta Brick Oven Pizza	 New York	 NY
6.2	 Broadway Pizza & Restaurant	 New York	 NY
1.8	 Cafe Viva	 New York	 NY
7.8	 The New Park Tavern	 East Rutherford	 NJ
7.1	 Bread & Tulips	 New York	 NY
7.2	 Pizza Pete's	 New York	 NY
7.7	 Sfila Pizza	 New York	 NY
8.5	 Brooklyn Pizza Masters	 New York	 NY
7.5	 Kinchley's Tavern	 Ramsey	 NJ
4.2	 Pomodoro Ristorante & Pizzer...	 New York	 NY
7.4	 Alla Pala	 New York	 NY
8.1	 Jiannetto's Pizza Truck	 STATEN ISLAND	 NY
1.1	 Georgio's Gourmet Pizza	 Chicago	 IL
3.2	 Rico's Pizza	 Gary	 IN
7.1	 Emporio	 New York	 NY
8.3	 Gato	 New York	 NY
7.4	 Roey's	 New York	 NY
7.4	 Mama Mia's Restaurant	 Saratoga Springs	 NY
8.1	 Caputo's Pizzeria	 Saratoga Springs	 NY
6.1	 Marino's Pizza	 Saratoga Springs	 NY
7.3	 Gennaro's Pizza Parlor	 Saratoga Springs	 NY
6.1	 Deli On Madison	 New York	 NY
2.1	 Leonelli Bakery	 New York	 NY
8.1	 Freddie & Pepper's	 New York	 NY
7.7	 3 Giovani	 New York	 NY
6.9	 Joe G Pizza & Restaurant	 New York	 NY
6.4	 Bella Napoli	 New York	 NY
6.9	 Village Pizza	 New York	 NY
6.6	 Not Ray's Pizza	 Brooklyn	 NY
7.4	 Pequod's Pizzeria	 Chicago	 IL
8.2	 Lou Malnati's Pizzeria	 Chicago	 IL
6.2	 Gino's East - Magnificent Mi...	 Chicago	 IL
8.4	 Giordano's	 Chicago	 IL
5.1	 Naples 45 Ristorante E Pizze...	 New York	 NY
6.8	 La Trattoria	 New York	 NY
6.7	 Primavera Pizza & Pasta	 New York	 NY
6.9	 Rocco's Pizzeria	 Vineyard Haven	 MA
3.8	 Slice Of Edgartown	 Edgartown	 MA
6.1	 Isola	 Edgartown	 MA
6.6	 Chilmark General Store	 Chilmark	 MA
6.8	 Giordano's Restaurant	 Oak Bluffs	 MA
7.4	 Fusaro's	 Nantucket	 MA
6.2	 Baldie's Pizza & Subs	 Lakeville	 MA
5.9	 Muse Pizza	 Nantucket	 MA
6.2	 Moto Pizza	 Sandwich	 MA
7.3	 Joey's Pizzeria	 Dennis Port	 MA
7.2	 Sophie T's Pizza	 Nantucket	 MA
6.5	 Oath Pizza - East 67th Stree...	 New York	 NY
6.1	 PQR	 New York	 NY
7.1	 Vinnie's Pizzeria	 New York	 NY
7.3	 Marinara Pizza - Midtown Eas...	 New York	 NY
7.4	 The Woodstock	 New York	 NY
6.8	 SIMÒ PIZZA	 New York	 NY
7.8	 Bocce USQ	 New York	 NY
6.2	 Black Square Pizza	 New York	 NY
7.2	 Café Crust	 Southampton	 NY
6.3	 Francesca's	 Hampton Bays	 NY
7.4	 Prova Pizzabar	 New York	 NY
7.7	 Pepe Giallo	 New York	 NY
6.4	 Don Antonio	 New York	 NY
6.2	 Ceci Italian Cuisine	 New York	 NY
7.2	 Corner Slice	 New York	 NY
6.9	 Mani In Pasta	 New York	 NY
7.1	 Il Corallo Trattoria	 New York	 NY
7.2	 Zero Otto Nove	 New York	 NY
0.0	 BD PIZZA	 New York	 NY
8.0	 La Margarita	 New York	 NY
2.4	 Stanton Street Pizza	 New York	 NY
6.8	 Melani Pizzeria	 New York	 NY
7.8	 Frank's Trattoria	 New York	 NY
6.8	 Little Vincent's Pizza	 Huntington	 NY
7.5	 Louie's Pizza	 Woburn	 MA
6.7	 Rinas Pizzeria & Cafe	 Boston	 MA
6.6	 Galleria Umberto	 Boston	 MA
7.7	 Ducali Pizzeria & Bar	 Boston	 MA
7.1	 Lions & Tigers & Squares Det...	 New York	 NY
5.7	 Famous Amadeus Pizza	 New York	 NY
7.2	 Follia NYC	 New York	 NY
7.9	 L'industrie Pizzeria	 Brooklyn	 NY
7.1	 Zia Maria - Chelsea	 New York	 NY
8.4	 Joe & Pat's Pizzeria	 New York	 NY
7.8	 Emmett's	 New York	 NY
6.8	 The Original Goodfella's Bri...	 Staten Island	 NY
7.9	 Lee's Tavern	 Staten Island	 NY
4.2	 Pomodoro Pizza	 New York	 NY
6.8	 Benny Tudino's Pizzeria	 Hoboken	 NJ
7.4	 Napoli's Pizza	 Hoboken	 NJ
6.4	 Hawthorne's NY Pizza & Bar	 Charlotte	 NC
5.4	 42nd Street Restaurant and P...	 New York	 NY
9.1	 Best Pizza	 Brooklyn	 NY
6.6	 Pizza Rollio	 New York	 NY
8.9	 Ralph's Pizzeria	 Nutley	 NJ
6.8	 Posto	 New York	 NY
6.8	 Bricco Ristorante Italiano	 New York	 NY
7.9	 Julian's Italian Pizzeria & ...	 San Antonio	 TX
4.8	 Big Lou's Pizza	 San Antonio	 TX
5.5	 Pizzarita's	 San Antonio	 TX
7.9	 Martina Pizzeria	 New York	 NY
5.0	 Patzeria Perfect Pizza	 New York	 NY
7.2	 L'Amico NYC	 New York	 NY
3.2	 Bonanno's New York Pizzeria	 Las Vegas	 NV
3.2	 Bonanno's New York Pizzeria	 Las Vegas	 NV
7.9	 Il Mattone West Village	 New York	 NY
7.1	 La Pizza Fresca Ristorante	 New York	 NY
6.8	 Massoni	 New York	 NY
8.3	 Bravo Pizza	 New York	 NY
6.9	 Ovest Pizzoteca by Luzzo's	 New York	 NY
6.2	 Full Moon Pizzeria	 Bronx	 NY
7.7	 Pugsley's Pizza	 Bronx	 NY
8.6	 Williamsburg Pizza	 Brooklyn	 NY
4.9	 99 Cent Fresh Pizza	 New York	 NY
5.9	 Evel Pie	 Las Vegas	 NV
6.9	 Nino's 46	 New York	 NY
3.2	 La Gusto Pizza	 New York	 NY
6.1	 Cheesy Pizza	 New York	 NY
7.2	 Sal & Carmine's Pizza	 New York	 NY
6.8	 MAMA'S TOO!	 New York	 NY
6.5	 Bond 45	 New York	 NY
6.5	 Casa D'amici	 Morgantown	 WV
6.4	 Pizza Al's	 Morgantown	 WV
6.6	 Colasante's Ristorante & Pub	 Morgantown	 WV
7.5	 Love & Dough	 DUMBO	 NY
8.6	 Patsy's Pizzeria	 New York	 NY
7.8	 Louie & Ernie's Pizza	 Bronx	 NY
7.2	 Pizza Barn	 Yonkers	 NY
7.5	 Mama's Pizza	 Saint Paul	 MN
6.3	 Dulono's Sports Bar	 Minneapolis	 MN
3.4	 Cheetah Pizza	 Edina	 MN
4.1	 Fat Lorenzo's	 Minneapolis	 MN
7.1	 Red's Savoy Pizza	 Minneapolis	 MN
6.3	 Frank From Philly & Andrea P...	 Minneapolis	 MN
7.6	 Young Joni	 Minneapolis	 MN
6.8	 Cossetta Alimentari	 Saint Paul	 MN
5.3	 Pizza Luce	 Minneapolis	 MN
6.8	 Football Pizza	 Minneapolis	 MN
7.1	 Star Tavern	 Orange	 NJ
5.4	 LA Traviata Pizzeria	 New York	 NY
6.1	 Percy's Pizza	 New York	 NY
7.6	 Pizza Land	 North Arlington	 NJ
4.2	 Little Italy Pizza	 New York	 NY
7.1	 Re Sette	 New York	 NY
6.2	 B & W Deli & Pizzeria	 New York	 NY
5.8	 Mediterraneo Restaurant	 New York	 NY
7.1	 La Bellezza Pizza	 New York	 NY
6.7	 Tre Sorelle	 New York	 NY
1.2	 Rubby's Pizzeria	 New York	 NY
3.4	 Justino's Pizzeria	 New York	 NY
6.8	 Casabianca Pizzeria	 New York	 NY
6.3	 Sottosuolo NYC	 New York	 NY
6.9	 Mariella Pizza	 New York	 NY
7.2	 Bella Blu	 New York	 NY
6.7	 John & Tony's	 New York	 NY
5.5	 Angelo's  Pizza	 Princeton	 WV
6.3	 Il Forno Pizza	 New York	 NY
7.7	 Scarr's Pizza	 New York	 NY
8.5	 Double Zero	 New York	 NY
1.2	 Buca di Beppo Italian Restau...	 New York	 NY
6.1	 Solo Pizza	 New York	 NY
7.2	 Stone Bridge Pizza & Salad	 New York	 NY
1.8	 Famous Pizza	 New York	 NY
7.1	 Sorbillo Pizzeria	 New York	 NY
7.1	 New York Sal's Pizza	 New York	 NY
7.4	 Gnocco	 New York	 NY
3.4	 5 Boroughs Pizza	 New York	 NY
2.2	 Steve's Pizza	 New York	 NY
7.1	 Majestic Pizza and Calzones	 New York	 NY
7.8	 Serafina Meatpacking	 New York	 NY
8.5	 Joe's Pizza	 New York	 NY
6.3	 B Side Pizza & Wine Bar	 New York	 NY
8.1	 Bronx Pizza	 San Diego	 CA
6.7	 Filippis Pizza Grotto Pacifi...	 San Diego	 CA
8.2	 Vito's Pizza	 Santa Monica	 CA
8.3	 Joe's Pizza	 Santa Monica	 CA
8.1	 Francesco's Pizzeria	 New York	 NY
2.1	 Cafe 28	 New York	 NY
3.6	 Daniela Trattoria	 New York	 NY
7.7	 Italian Village Pizzeria	 New York	 NY
6.2	 Barilla Restaurants	 New York	 NY
6.7	 La Mia Pizza	 New York	 NY
7.0	 Brier Hill Pizza & Wings	 Youngstown	 OH
7.1	 Avalon Downtown Pizzeria	 Youngstown	 OH
6.4	 Bruno Bros Pizza	 Austintown	 OH
6.8	 Belleria Pizzeria	 Youngstown	 OH
7.2	 Wedgewood Fernando's Pizza -...	 Youngstown	 OH
7.8	 Adoro Lei	 New York	 NY
5.6	 Covina	 New York	 NY
8.6	 Umberto's Pizzeria & Restaur...	 New Hyde Park	 NY
3.1	 Cottage Inn Pizza	 Ann Arbor	 MI
5.4	 New York Pizza Depot	 Ann Arbor	 MI
7.6	 Buddy's Pizza - Dearborn	 Dearborn	 MI
6.3	 &pizza - NoMad	 New York	 NY
6.3	 &pizza - Astor Place	 New York	 NY
7.2	 Company	 New York	 NY
7.1	 Benny Marzano's	 Blacksburg	 VA
5.1	 Bazbeaux Pizza	 Indianapolis	 IN
8.1	 Goodfellas Pizzeria	 Indianapolis	 IN
4.1	 Napolese Pizzeria	 Indianapolis	 IN
7.5	 Empire Slice House	 Oklahoma City	 OK
7.1	 Wig & Pen Pizza Pub	 Iowa City	 IA
5.2	 Casey's	 Coralville	 IA
6.6	 Nick's Pizza	 New York	 NY
6.9	 Girello	 New York	 NY
2.4	 Fenway Park	 Boston	 MA
5.8	 The Original Impellizeri's P...	 Louisville	 KY
6.4	 Bearno's By the Bridge	 Louisville	 KY
0.2	 The Post	 Louisville	 KY
5.2	 Vapiano	 New York	 NY
7.9	 Rock Pizza Scissors	 New York	 NY
6.9	 Sicilia Fine Italian Special...	 Columbus	 OH
5.4	 Adriatico's New York Style P...	 Columbus	 OH
6.4	 The O Patio & Pub	 Columbus	 OH
7.8	 Leone's Pizza	 Columbus	 OH
9.1	 Regina Pizza	 Boston	 MA
0.0	 Industry Kitchen	 New York	 NY
6.4	 Va Bene	 New York	 NY
7.7	 Ciao Vineria con Cucina	 New York	 NY
8.1	 Sal's Little Italy	 New York	 NY
1.4	 Encore Beach Club	 Las Vegas	 NV
7.3	 Pizza Rock	 Las Vegas	 NV
5.6	 Naked City Pizza Shop	 Las Vegas	 NV
6.2	 Moneyline Pizza & Bar	 Las Vegas	 NV
8.5	 Lil Frankie's	 New York	 NY
9.3	 Oath Pizza - Nantucket	 Nantucket	 MA
8.3	 Speedy Romeo	 New York	 NY
6.3	 Tavola	 New York	 NY
8.1	 Sacco Pizza	 New York	 NY
7.8	 New Park Pizza	 Howard Beach	 NY
6.5	 Pies on Wheels	 Saratoga Springs	 NY
8.6	 Nove Italian Restaurant	 Gansevoort	 NY
7.7	 Song E Napule	 New York	 NY
6.2	 La Vera Pizzeria & Restauran...	 New York	 NY
7.9	 Manhattan Brick Oven Pizza	 New York	 NY
5.4	 Ben's Pizzeria	 New York	 NY
7.2	 Emily - West Village	 New York	 NY
8.2	 Numero 28 Pizzeria - West Vi...	 New York	 NY
8.1	 310 Bowery Bar	 New York	 NY
8.1	 Rubirosa	 New York	 NY
6.2	 Alphonso's Pizzeria & Tratto...	 New York	 NY
8.6	 Rizzo's Fine Pizza	 New York	 NY
4.1	 WILD	 New York	 NY
7.8	 Norma	 New York	 NY
6.2	 Rossetti's Pizza	 New York	 NY
4.2	 Big Nick's Burger & Pizza Jo...	 New York	 NY
7.2	 Cafe Fiorello	 New York	 NY
5.7	 Angelo Bellini	 New York	 NY
8.2	 Merilu Pizza Al Metro	 New York	 NY
8.3	 Black Sheep Pizza - Minneapo...	 Minneapolis	 MN
0.2	 F & M Slice Pizza	 New York	 NY
4.8	 Yankee Pizza	 New York City	 NY
6.2	 Farinella Bakery Pizza	 New York	 NY
7.1	 Capizzi	 New York	 NY
8.6	 Patsy's Pizzeria	 New York	 NY
4.8	 Pasta Lovers	 New York	 NY
6.1	 Radio City Pizza	 New York	 NY
8.2	 Saluggi's	 New York	 NY
8.4	 Picciotto NYC	 New York	 NY
7.9	 Borrelli's	 East Meadow	 NY
8.4	 Saba's Pizza Upper East	 New York	 NY
4.1	 Carve	 New York	 NY
6.4	 Kesté Pizza & Vino	 New York	 NY
6.4	 Claudio Pizzeria	 New York	 NY
6.8	 Nizza	 New York	 NY
5.2	 Olio e Piú	 New York City	 NY
6.4	 Regina Pizzeria	 Mashantucket	 CT
7.4	 Pecorino	 New York	 NY
7.0	 Fiore's Pizza	 New York	 NY
2.7	 Intrepid Summer Movie Series	 New York	 NY
6.6	 Muzzarella Pizza	 New York	 NY
7.9	 Arturo's	 New York	 NY
4.2	 Picasso Pizza	 New York	 NY
7.3	 Baker's Pizza	 New York	 NY
6.3	 Sutton Pizzeria	 New York	 NY
9.2	 Halftime Pizza	 Boston	 MA
8.4	 John's of Times Square	 New York	 NY
4.0	 Pizza Park	 New York	 NY
8.1	 Cafe Daniello's	 New York	 NY
7.1	 Kiss My Slice	 New York	 NY
7.9	 Sofia Pizza Shoppe	 New York	 NY
2.1	 IPizzaNY	 New York	 NY
7.1	 Uncle Mario's Brick Oven Piz...	 New York	 NY
5.9	 Pranzo Pizza & Pasta	 New York	 NY
3.3	 The Grotto Pizzeria & Ristor...	 New York	 NY
8.1	 Neapolitan Express	 New York	 NY
7.7	 Phil's Pizza	 New York	 NY
5.0	 Snacks	 Las Vegas	 NV
6.4	 Georgio Pizzeria	 New York	 NY
2.5	 Da Vinci Pizza	 New York	 NY
0.9	 Pizza Gaga	 New York	 NY
4.8	 Adrienne's Pizzabar	 New York	 NY
0.1	 Open Market	 New York	 NY
8.2	 Santarpio's Pizza	 Boston	 MA
7.1	 Cucina Bene	 New York	 NY
5.9	 Underground Pizza	 New York	 NY
7.4	 Justino's Pizzeria	 New York	 NY
1.7	 Highline Pizzeria	 New York	 NY
8.1	 Luigi's Gourmet Grill	 New York	 NY
3.7	 Mariella Pizza	 New York	 NY
0.0	 Pizza Hut	 Augusta	 GA
6.6	 Pizza Joint	 Augusta	 GA
8.1	 Rose's Pizza	 New York	 NY
4.2	 Coppola's East	 New York	 NY
7.9	 Patrizia's Pizza and Pasta	 New York	 NY
7.8	 XS Nightclub	 Las Vegas	 NV
3.4	 Secret Pizza	 Las Vegas	 NV
6.2	 Slice	 New York	 NY
4.9	 Previti Pizza	 New York	 NY
6.8	 Aperitivo Pizza Bar	 New York	 NY
4.6	 Don Giovanni Ristorante	 New York	 NY
8.1	 Champion Pizza	 New York	 NY
8.1	 Pisa Pizza	 New York	 NY
8.2	 Brunetti Pizza	 New York	 NY
8.0	 Grimaldi's Pizzeria	 Brooklyn	 NY
2.1	 Pizza Mercato	 New York	 NY
6.9	 Juliana's	 Brooklyn	 NY
1.2	 Fox's Pizza Den	 Charleston	 WV
8.7	 Ignazio's	 Brooklyn	 NY
7.4	 L & B Spumoni Gardens	 Brooklyn	 NY
9.4	 Di Fara Pizza	 Brooklyn	 NY
6.4	 Belmora Pizza & Restaurant	 New York	 NY
6.6	 Pizza By Certé	 New York	 NY
4.3	 My Pie Pizzeria Romana	 New York	 NY
7.8	 Pizza Da Solo	 New York	 NY
7.3	 Teresa's Brick Oven Pizza & ...	 New York	 NY
7.5	 Royal Pizza	 New York	 NY
7.3	 Harry's Italian Pizza Bar	 New York	 NY
6.3	 Kiss My Slice	 New York	 NY
7.2	 Sparky's Pizzeria and Grill	 Jackson	 TN
5.2	 D Napoli Pizza	 New York	 NY
6.6	 Cassiano's	 New York	 NY
5.1	 Uncle Paul's Pizza	 New York	 NY
6.9	 Gotham Pizza	 New York	 NY
8.4	 Luigi's Pizza	 New York	 NY
6.2	 Giuseppe's Pizza	 New York	 NY
4.8	 Pazza Notte	 New York	 NY
9.3	 Angelo's Coal Oven Pizzeria	 New York	 NY
5.8	 Bella Vita Pizzeria	 New York	 NY
8.1	 PizzArte	 New York	 NY
6.4	 Pizzeria Trentatre	 New York	 NY
5.9	 Little Gio's Pizza	 New York	 NY
5.1	 Rosario's Pizza	 New York	 NY
7.2	 Proto's Pizza	 New York	 NY
4.2	 Pizza Italia	 New York	 NY
7.8	 Joe's Pizza	 New York	 NY
0.0	 Café Muse	 New York	 NY
7.7	 Mike's Pizza	 New York	 NY
8.6	 Prince Street Pizza	 New York	 NY
6.9	 Nick's Pizza Bar	 New York	 NY
7.8	 La Bellezza	 New York	 NY
9.0	 Denino's Greenwich Village	 New York	 NY
2.8	 Rocky's Number II	 New York	 NY
6.8	 Garlic New York Pizza Bar	 New York	 NY
4.2	 Pronto Pizza	 New York	 NY
7.9	 Artichoke Basille's Pizza	 New York	 NY
4.9	 Gaslight Pizzeria	 New York	 NY
6.2	 Stella's Pizza	 New York	 NY
7.4	 Filaga Pizzeria Siciliana	 New York	 NY
5.8	 Abitino's Pizzeria	 New York	 NY
6.2	 Lombardi's Pizza	 New York	 NY
6.2	 Famous Original Ray's Pizza	 New York	 NY
7.4	 Cavallo's Pizzeria	 New York	 NY
6.8	 Obicà Mozzarella Bar Pizza e...	 New York	 NY
8.1	 Lunetta Pizza & Restaurant	 New York	 NY
7.4	 Florian	 New York	 NY
4.8	 99 Cent Best & Fresh Pizza	 New York	 NY
7.1	 Dirty Water Dough	 Boston	 MA
3.2	 Ribalta Pizza	 New York	 NY
7.6	 Pie By The Pound	 New York	 NY
0.0	 Blaze Pizza	 Los Angeles	 CA
7.4	 Ciro's Pizzeria & Beerhouse	 San Diego	 CA
9.3	 John's of Bleecker Street	 New York	 NY
8.2	 Brick Oven Pizza 33	 New York	 NY
3.9	 Libretto's Pizzeria	 New York	 NY
5.4	 Manhattan Pizzeria	 Manhattan Beach	 CA
8.4	 Vinny Vincenz	 New York	 NY
6.2	 Iggy's Pizzeria	 New York	 NY
8.0	 East Village Pizza	 New York	 NY
6.9	 Bleecker Street Pizza	 New York	 NY
6.6	 Two Boots West Village	 New York	 NY
7.8	 Rivoli Pizza	 New York	 NY
1.4	 Rocky's Pizza 14th St	 New York	 NY
7.9	 Grimaldi's	 New York	 NY
6.8	 J's Pizza	 New York	 NY
1.2	 Pick & Pay Gyro & Pizza	 New York	 NY
4.8	 Dough Boys	 New York	 NY
7.9	 Pastafina Pizza	 New York	 NY
4.8	 Rosa's Pizza	 New York	 NY
5.4	 Otto Enoteca Pizzeria	 New York	 NY
6.8	 DJ Pizza	 New York	 NY
7.4	 Famous Famiglia Pizzeria	 New York	 NY
9.3	 Lazzara's Pizza	 New York	 NY
7.8	 Pizza Paradise	 New York	 NY
3.8	 Frank's Pizza	 New York	 NY
1.2	 Catfish Biff's Pizza & Subs	 Columbus	 OH
0.0	 Dante's Inferno	 Cleveland	 OH
6.8	 PN Wood Fired Pizza	 New York	 NY
8.2	 Rocco's Pizza	 New York	 NY
8.0	 La Pizza & La Pasta at Eatal...	 New York	 NY
8.0	 Roberta's	 Brooklyn	 NY
3.9	 Don Pepi Pizza	 New York	 NY
7.3	 Tappo	 New York	 NY
6.2	 Cafe Rustico II	 New York	 NY
5.9	 Chelsea Pizza 23	 New York	 NY
8.5	 Bella Napoli	 New York	 NY
7.8	 Waldy's Wood Fired Pizza & P...	 New York	 NY
7.2	 Empire Pizza	 New York	 NY
5.9	 2 Bros Pizza	 New York	 NY
6.4	 Broadway Pizza	 New York	 NY
8.6	 Pi Pizzeria	 Nantucket	 MA
8.2	 NY Pizza Suprema	 New York	 NY
5.8	 Home Slice Pizza	 Austin	 TX
7.8	 Acquolina	 San Francisco	 CA
9.4	 Frank Pepe Pizzeria Napoleta...	 Chestnut Hill	 MA
6.8	 Imperial Pizza	 Buffalo	 NY
10	 Monte's Restaurant	 Lynn	 MA
7.6	 Poopsie's	 Pembroke	 MA
8.2	 Pope's Italian Restaurant	 Saratoga Springs	 NY
8.0	 Steamboat Wharf Pizza	 Nantucket	 MA
9.2	 Rosie's Pizzeria	 Braintree	 MA
5.8	 Pushcart Pizzeria	 Boston	 MA
8.2	 Bianchi's Pizza	 Revere	 MA
8.5	 Tony's Place	 West Roxbury	 MA
8.5	 Cape Cod Cafe	 Brockton	 MA
8.0	 Lynwood Cafe	 Randolph	 MA
9.0	 Town Spa Pizza	 Stoughton	 MA
